filename,podcast,episode,filehash,episodetime,filetime
bak-EP226.json,<http://einschlafen-podcast.de/>,,732bc43d431013606a83011f625538a2,,1384044943
bak-EP227.json,Einschlafen Podcast 227 vom 8.April 2013,227,cb5097d91db8eef8950fd42bf2557236,,1384044943
bak-Hoaxilla-120.json,,,58d069b262f87aa5b8be2aa7dfd6709f,,1384044944
bak-Hoaxilla-121.json,,,6c62a0d33c97630a863f0ef1007ab293,,1384044944
bak-Hoaxilla-122.json,,,bba9d63b5109fa6becb72ba886f6d58b,,1384044944
bak-MM107.json,,MM107,66cd5f04a712c72d6496cd8ceac84a2d,,1384044944
bak-Märchenstunde-27.json,Märchenstunde,Nr. 27,f9849b46dccb35abec6ad430d409aba3,,1384044944
bak-NSFW067.json,NSFW,67,e7d6e33a37bec2490427cbd5b36927d9,,1384044944
bak-Sondersendung_rp2013.json,,,ece38c843531e84ad4b5ab016b899a8b,,1384044944
bak-antalyacity-002.json,Antalyacity,,28f0be8221ea290d27edbe4b9daed377,1384044946,1384044946
bak-bluemoon-14-04-13.json,Bluemoon,83,08a586079ef3a04e9828b6ef80a2ac42,,1384044948
bak-bm81.json,Blue Moon -Shownotes,81,aff89fef09fb5680a8d386d1ab463e9e,,1384044951
bak-cre-166.json,,,8062306b24fd9b8f2b413772db455d15,1384044952,1384044952
bak-cre-198.json,,,2b07114a59ee98b3705a3f50e0794b5d,,1384044952
bak-cre-200.json,,,8bb8d496d6fe938f3a23c80e513b9b20,,1384044952
bak-datenkanal-027.json,Datenkanal,27,7f1968d5031aff1dd172a055881a5813,,1384044953
bak-einschlafen-235.json,einschlafen,235,1ae2699efefeed746c5fb5a85f2addab,,1384044954
bak-hoaxilla-125.json,,,1c33d20716c6eed43e698c2788665d3c,,1384044957
bak-lautsprecher-011-kurz.json,,,f92eb2938929bcdab57623a945e1a902,1384044957,1384044957
bak-psychotalk-006.json,Psychotalk,psyt-006,b0718eb97ab9e77a126c5952c1360367,,1384044961
bak-psychotalk-008.json,Psychotalk,8,75d73c398a2f0dc1ee3d6a541a9d57d1,,1384044961
bak-radiorollenspiel-001.json,Radiorollenspiel,1,54e8d1f78a46d2ea7ea85fd3b047f0a3,,1384044964
bak-robotiklabor-026.json,robotiklabor,26,6a595f79b5df3757ec68f6d9b10ca90a,,1384044965
bak-soziopod-028.json,Soziopod,28,6b22315d240f632876f8f8426ecdbb4e,,1384044966
bak-wg43.json,"Claudia Krell (@wortkomplex), Ralf Stockmann (@rstockm), Renke Bruhn (@brundsoweiter)",,c6128876648cb8ecf4b182cead435fa0,,1384044966
bak-wikigeeks-43.json,"Claudia Krell (@wortkomplex), Ralf Stockmann (@rstockm), Renke Bruhn (@brundsoweiter)",,c6128876648cb8ecf4b182cead435fa0,,1384044967
bak-wikigeeks-44.json,Wikigeeks,44,9774a91921c0793414640fdb4c05ff1f,,1384044967
bak-wr166.json,ca 12:05 Uhr,,734cc76d8c9a9fed225f5f704082b7ec,,1384044968
bak-wr167.json,Realitätsabgleich,36,e79d917e8450574fbb051e3178abe5f3,,1384044968
bak-wrint-191.json,wrint,191,b4c9fc6d93ed61707d1d9d740c714000,,1384044970
